,-0.2231,-0.2149,-0.2066,-0.1983,-0.19,-0.1818,-0.1735,-0.1652,-0.1569,-0.1487,-0.1404,-0.1321,-0.1238,-0.1156,-0.1073,-0.099,-0.0907,-0.0825,-0.0742,-0.0659,-0.0576,-0.0494,-0.0411,-0.0328,-0.0245,-0.0163,-0.008,0.0003,0.0086,0.0168,0.0251,0.0334,0.0416,0.0499,0.0582,0.0665,0.0747,0.083,0.0913,0.0996,0.1078,0.1161,0.1244,0.1327,0.1409,0.1492,0.1575,0.1658,0.174,0.1823
0.0384,0.28761561505570826,0.28294062904539685,0.27784833892374083,0.2723274786730546,0.26637770718015574,0.2600127293460358,0.2532627684056973,0.24617570606422085,0.2388163540773401,0.2312636998303249,0.22360646995453995,0.21593779372593871,0.20834994140304358,0.20092997144997016,0.19375671121068852,0.1868990372141884,0.18041515345655892,0.17435256600391935,0.16874858507852952,0.16363124603825288,0.1590204424264225,0.15492890176079027,0.15136257727326421,0.14832016696683942,0.14579175504135344,0.14375686783595157,0.14218243194381067,0.14102118113206513,0.1402110327149337,0.13967593189855912,0.13932867128215704,0.1390761068065486,0.13882678283419297,0.13850017158215588,0.13803584498560711,0.13740050145495458,0.13659119261070624,0.13563414075470986,0.13457972714221658,0.13349513498175705,0.13245646421186408,0.131541802946208,0.1308259337311219,0.13037648229582083,0.1302507742961663,0.1304926290522657,0.13112871532834083,0.13216468348959953,0.13358180355836857,0.1353351181317517
0.058,0.28731075092393504,0.2826533072295432,0.2775801360589312,0.2720797720140323,0.2661515458612197,0.25980870335499534,0.2530809001766386,0.24601539108632509,0.23867636751471827,0.23114226794153267,0.2235013864450806,0.21584655178624185,0.20826985637142206,0.20085828245918658,0.1936906631880637,0.18683594963028505,0.1803524789410249,0.17428793626659397,0.16867984013867976,0.1635564479486118,0.15893788317325497,0.15483712046106501,0.151260399486607,0.14820676922980022,0.14566674544489255,0.14362036434553568,0.14203511725957899,0.14086431527773605,0.14004640875180924,0.139505763470092,0.1391554045106303,0.13890215911588844,0.13865423198168764,0.13833044447453305,0.13786947263281618,0.137237000133356,0.1364291014964203,0.1354712039946268,0.13441316790960708,0.133321944320565,0.13227362812079918,0.13134641636361785,0.1306151881865278,0.13014755133294723,0.13000064992343652,0.13021798248521976,0.1308258660741921,0.13182975754036022,0.1332111337275788,0.13492587887819504
0.0776,0.2870097668676771,0.2823711749657344,0.2773185216245877,0.2718401388581143,0.26593501880673415,0.2596159275094466,0.2529119205939075,0.24586958168427922,0.23855242911165425,0.23103829672070197,0.22341499396894787,0.21577500633383284,0.2082102182384495,0.20080751915564587,0.193645744195512,0.18679392619557128,0.1803105515400444,0.17424350686658724,0.1686305451432927,0.1635001732239282,0.1588727714426028,0.15476158707175694,0.15117317023067758,0.14810694384822756,0.1455538776554358,0.14349453971774204,0.14189700727134466,0.14071518850898793,0.13988808472943504,0.13934049814930533,0.1389856999395829,0.13873049930858475,0.13848276732016185,0.13816067350618372,0.137701987804045,0.13707135868456144,0.13626385341878003,0.135304066506823,0.1342412947552497,0.13314221233840318,0.13208286330453886,0.13114150687318865,0.1303930710114108,0.12990509835718653,0.12973450967815328,0.1299244540970828,0.1305008913476116,0.13146911130634242,0.13281086238440912,0.1344829750810441
0.0972,0.2867130449056075,0.2820946885613032,0.2770640346939893,0.2716092106630145,0.2657288603207823,0.2594352496151483,0.2527568007639516,0.24573937982893237,0.23844577554122645,0.23095315637476424,0.22334878933363705,0.2157247680188404,0.2081727335413567,0.20077946196104163,0.1936237839371587,0.18677482022372505,0.18029122286729288,0.17422110398427484,0.1686024795983541,0.16346413654140876,0.1588267423091358,0.15470384571893506,0.15110233463347794,0.1480220319532542,0.14545438654080764,0.1433805226509112,0.1417691265415456,0.1405747247675062,0.13973688850180163,0.13918087284036582,0.13882020896370634,0.13856169884853128,0.13831288603980138,0.13799128728648594,0.13753375613290125,0.13690388500545186,0.13609570294018564,0.13513293241835833,0.1340642619356212,0.13295604070027292,0.1318842117937417,0.13092704441877254,0.13015946114714147,0.1296488851027232,0.12945196429778694,0.12961146279460264,0.1301529718326245,0.13108163747048499,0.13237954332895868,0.13400457156490703
0.1169,0.28642110332878284,0.28182444416550806,0.276817358498667,0.2713877681946177,0.2655339600392856,0.2592676796739656,0.25261668156342776,0.24562606530168163,0.23835782943812706,0.2308884108880067,0.22330447010918072,0.21569765391906254,0.20815931916377434,0.20077610349994396,0.1936268239376043,0.18678069419900253,0.18029654890248495,0.1742227514456986,0.16859761236360107,0.1634502324941212,0.15880160065786034,0.1546656000644842,0.15104948740009597,0.1479535150496557,0.14536963926431512,0.1432795674724303,0.141652620206389,0.14044396524257127,0.1395937636220318,0.13902774037235668,0.13865970086882012,0.13839645075809534,0.13814521223717183,0.13782284837560307,0.13736528600400763,0.13673504039702794,0.13592507064954423,0.13495818657940517,0.13388242125314628,0.13276374751616987,0.13167795283135417,0.13070325836105484,0.1299145198637205,0.12937897814113372,0.1291529499050798,0.12927876943239794,0.1297816403158169,0.1306665819170093,0.1319160729737013,0.1334891511012128
0.1365,0.28613463332523065,0.2815612148622044,0.2765793580981752,0.27117677987350963,0.26535140202130736,0.25911442972902554,0.2524929141609519,0.24553113670894788,0.23829024060919404,0.23084585903127378,0.2232839749675375,0.21569572671189155,0.20817213985977792,0.2007996840557112,0.19365715060289593,0.18681385022962302,0.1803288177476847,0.17425069581589755,0.16861812423614123,0.16346055593023853,0.15879933964690468,0.15464873034977367,0.15101638896604355,0.1479030308562072,0.1453011514119931,0.14319307114920465,0.14154877243983013,0.1403240888165242,0.13945979224634325,0.13888209528639783,0.13850509187916327,0.13823560226426412,0.1379805334731969,0.1376560940562556,0.13719727384506328,0.13656548970317658,0.13575259850849666,0.13478045552475532,0.13369638909805243,0.1325659409922606,0.13146468372772804,0.130470726190923,0.12965878802614295,0.12909585539453133,0.1288378443866442,0.12892660348745705,0.12938691875507233,0.13022369081511445,0.13141984647890934,0.13293567800499226
0.1561,0.28585454504820296,0.28130599726279154,0.27635112761756814,0.27097744976463495,0.26518251355890177,0.25897696348901306,0.2523871103415321,0.24545636225716116,0.23824493686481937,0.23082758472536896,0.22328953296138163,0.21572134221578337,0.2082136534330638,0.200852733850251,0.19371733419856443,0.18687686548544122,0.18039058146076686,0.17430743473695987,0.16866643306428247,0.1634974242614861,0.15882216075871694,0.1546553118441945,0.1510049830757197,0.14787239079101572,0.14525060516982588,0.14312259291516372,0.14145902823449572,0.14021643662775926,0.1393362230246653,0.1387451055174844,0.13835748102087841,0.13808019517509376,0.13781984595211855,0.13749198658197193,0.13703065970774758,0.13639616250291778,0.1355792169667128,0.13460068087325835,0.1335071265573164,0.13236360675230052,0.1312454149868116,0.13023047715123026,0.1293932990042029,0.12880052921690138,0.12850760158357025,0.12855580927467522,0.12896947729240857,0.12975338290519084,0.1308909433374529,0.1323437964636122
0.1757,0.28558202553058687,0.281060069929602,0.2761340493006107,0.2707912773677135,0.2650289257667729,0.2588570576934432,0.25230120449585924,0.2454038420523354,0.2382241861382196,0.23083601832610398,0.2233237232019266,0.21577720663850963,0.2082866647671587,0.20093812318297039,0.19381027460479014,0.18697263329863495,0.1804846924687923,0.17439574885507053,0.16874522160607328,0.16356340186308982,0.15887249551306626,0.1546876347682223,0.15101741589508835,0.1478635992878417,0.1452198698427016,0.1430698769314364,0.1413850190457136,0.14012254142330913,0.13922450476110454,0.13861815084206605,0.13821819373045732,0.1379315149376704,0.13766440925584147,0.137331773777053,0.13686669390850173,0.13622832597542028,0.13540622426363963,0.13442020532776064,0.13331603244280085,0.13215820831320094,0.13102167876158946,0.1299841093475511,0.12911970529340508,0.12849468359845959,0.12816390040004752,0.12816800852496932,0.12853081205002959,0.12925694430927565,0.13033034084061063,0.1317140638949435
0.1954,0.28531861092056765,0.28082506594946954,0.2759298665247035,0.270620131166494,0.264892647714734,0.2587568767891792,0.2522375286653357,0.24537608315909512,0.23823067100089249,0.2308740098418217,0.22338954587080628,0.2158664444009891,0.20839438950605524,0.20105912114647714,0.1939392544689934,0.18710441043860654,0.18061434496023834,0.17451873763159215,0.16885746834365528,0.16366132672208308,0.15895302898024788,0.15474822584847214,0.15105605686967086,0.14787887523555845,0.14521102510538828,0.14303687847259347,0.14132859288761235,0.14004416236646394,0.1391263265573341,0.1385028688156177,0.1380888339016081,0.13779114899454417,0.1375158111257652,0.13717706030510288,0.13670701481837821,0.13606366924443328,0.1352353773826262,0.1342408703381198,0.13312504782968462,0.13195179876033347,0.1307956480603347,0.12973391706778176,0.1288404148004572,0.12818082065048578,0.1278093032309034,0.12776577312366177,0.12807343521957543,0.12873673960378165,0.1297401501186998,0.13104821589932766
0.215,0.2850662747811114,0.2806030611054819,0.27574077190094026,0.2704663367153319,0.2647761545318076,0.258679061014265,0.252198900448716,0.24537608700252836,0.23826757502105295,0.23094491348504256,0.2234905040041557,0.21599267607035635,0.20854052704472956,0.20121946270757482,0.19410799965755773,0.1872758705512639,0.18078312131086646,0.17467985914112397,0.16900648139845598,0.1637943395247032,0.1590667253411903,0.15483987181960882,0.15112352172007892,0.1479206760122329,0.1452263875279032,0.14302579423242606,0.1412918494952062,0.13998332589405355,0.1390436649679263,0.13840120861327107,0.1379713446154229,0.13766105446250132,0.13737604204219195,0.13702988902939955,0.13655373684416283,0.13590439780613014,0.13506899276092793,0.1340651229602221,0.1329367689868123,0.1317471397594304,0.13057026198967028,0.129483022631749,0.12855873004018012,0.1278624084613344,0.12744741462420928,0.12735279784267628,0.12760106644999117,0.1281964277953883,0.1291238637326506,0.130349453049114
0.2346,0.2848275316799444,0.2803966763642471,0.27556950862434276,0.27033277685193013,0.2646824865009339,0.2586268243862897,0.2521887198437848,0.2454074449105224,0.23833867667358272,0.23105267938005683,0.22363069217306752,0.21616010297784113,0.2087293399489779,0.20142342185020423,0.19432074526425194,0.18749116253139653,0.18099504275688982,0.17488297344628065,0.16919593544976036,0.16396591534359636,0.1592168558661133,0.15496564541220811,0.1512226982375147,0.1479917248511831,0.14526854113299714,0.14303909746665158,0.14127718116440532,0.1399423730630422,0.13897883836927097,0.13831549267480017,0.13786807709708424,0.1375436342659541,0.13724757827340323,0.13689283062951105,0.13640954620875212,0.13575333503828044,0.13491005308046924,0.13389612748552404,0.13275456342648917,0.1315478216656262,0.13034934968347628,0.12923550414323293,0.1282789801655918,0.1275440186327339,0.12708302675536545,0.1269340578687503,0.12711880863914865,0.12764116484428784,0.12848659543214425,0.1296227297605717
0.2542,0.2846055493365837,0.2802091871435882,0.27541947668516215,0.2702229947740905,0.26461534904205436,0.25860405175732115,0.2522110636405096,0.24547443014497722,0.23844843922954106,0.2312019413147862,0.2238148817729024,0.21637358935626652,0.2089657319602484,0.20167588434403574,0.19458230213272512,0.1877549700871583,0.1812546217349505,0.1751323879644509,0.16942991089779239,0.16417989782716316,0.1594070297196675,0.15512893459313584,0.15135677586417132,0.14809504260727013,0.14534037300754998,0.14307957882514777,0.141287319840536,0.1399240135750587,0.1389345682637336,0.1382484853391799,0.1377818664928362,0.13744181968373134,0.13713347068237497,0.13676907805783403,0.13627780037315632,0.13561402584457635,0.13476231433991556,0.1337378750986654,0.1325826812664856,0.13135837569874903,0.130137742465836,0.12899650704041377,0.1280066318200347,0.12723143731349915,0.12672223309639827,0.12651592982553117,0.12663328389853265,0.12707776534857335,0.12783528135612368,0.12887501111167385
0.2739,0.2844042508047528,0.2800446197253831,0.2752948231431825,0.27014127802087495,0.2645791905418099,0.25861537099847715,0.252270752851503,0.24558206178527228,0.23860207243581896,0.23139807742624807,0.22404858150695692,0.2166387228025249,0.20925530797844405,0.20198240630162972,0.19489811282780667,0.1880725640556961,0.18156690981874435,0.1754329008109887,0.16971293296667084,0.16444053495038138,0.15964122767989178,0.15533347585613427,0.1515292802710303,0.14823398528013437,0.14544511522644843,0.14315039382370706,0.1413253909214511,0.13993138632236088,0.1389140466371369,0.13820346679084036,0.13771611194917252,0.1373591559254297,0.1370374350254835,0.13666254067255676,0.136162625012696,0.13549083537644788,0.13463040510361382,0.13359528229596024,0.13242635131184272,0.13118436605507783,0.12994136032141598,0.12877232342245457,0.1277483603645546,0.12693172850196296,0.12637248586389307,0.12610624817975052,0.12615269720864541,0.12651478561460255,0.12717879843558294,0.12811544556222737
0.2935,0.2842283681498028,0.27990779502204954,0.2752004753989518,0.2700926810544706,0.2645792146211623,0.2586661560691478,0.2523733485392327,0.2457360960577906,0.2388055226151476,0.2316472023999551,0.2243380345221461,0.2169618182255529,0.20960438550807267,0.20234923268903346,0.19527427597263616,0.1884498309584906,0.18193752893450457,0.1757898334843909,0.17005000521330174,0.16475251328568327,0.15992383762280474,0.1555833917397678,0.1517441139143001,0.1484122886160406,0.14558639435295118,0.14325511783437053,0.14139497401447085,0.13996812586953875,0.13892100783645742,0.1381843097663494,0.13767485739220867,0.13729988607503005,0.13696393801886303,0.13657793125159623,0.1360690006502744,0.1353890337686546,0.13451990758689944,0.13347426628442743,0.13229184841812616,0.13103244659103183,0.12976725507746925,0.1285704190002469,0.12751205843720623,0.12665322331833412,0.12604256722772314,0.12571426259647395,0.12568678779835663,0.1259624809125206,0.12652794319609256,0.12735538422449155
0.3131,0.28408338099854696,0.2798042522718946,0.275142049256574,0.2700829175170639,0.26462125732957703,0.25876239113059835,0.2525250063023495,0.2459428761263122,0.23906532383573018,0.23195602654633124,0.22469009145868699,0.21734980959552577,0.21001990791247216,0.2027832328354708,0.19571750299751037,0.1888932487639172,0.18237266333581562,0.1762090362276159,0.17044662580845898,0.16512098328979696,0.16025968748145683,0.15588323061406711,0.1520056021369139,0.14863412017062408,0.14576828911835957,0.14339780894274626,0.14150017038443155,0.14003843374834907,0.13895980282759562,0.13819555577600295,0.13766286861492297,0.137269027844267,0.13691827243234928,0.13652083792900135,0.136002829698971,0.13531485623353537,0.13443740834299522,0.13338178332142242,0.13218651602380993,0.1309103636089369,0.12962358920045403,0.12839938372523535,0.12730675488251855,0.12640540510798723,0.1257424406682988,0.12535045849159746,0.12524662502688483,0.12543258596675488,0.12589520895858428,0.12660816932202465
0.3327,0.2839752456872279,0.2797399592002009,0.2751255391700919,0.27011803040111604,0.26471143830763,0.25891030551448346,0.25273210004283864,0.24620895198727508,0.2393882232911804,0.2323314971936051,0.2251118782769388,0.21780995313135576,0.2105091892834225,0.203291690147762,0.19623495277691716,0.18940976400854304,0.18287897507875056,0.17669683687623544,0.1709087646193952,0.165551559791566,0.16065406485900321,0.15623800174668792,0.15231854056559113,0.14890413635433108,0.14599539475902643,0.14358307745592075,0.14164567569018152,0.14014715262514107,0.13903547311608414,0.13824248718908463,0.13768570197834926,0.13727243730959224,0.13690661415636168,0.1364977726475816,0.1359709739926626,0.13527552686875252,0.1343905049343932,0.1333258141390316,0.13211872550951265,0.13082688374157173,0.12951952650254617,0.1282687798289436,0.12714241553072747,0.126198659978986,0.1254829504295285,0.12502620681245993,0.12484421179174067,0.12493787650195923,0.12529431064896462,0.12588862791012456
0.3524,0.2839098180939362,0.279720715598524,0.2751567014515884,0.270203754456445,0.2648555032363841,0.25911569904318976,0.2530005356714363,0.24654039121741836,0.23978050084138816,0.23278014112635032,0.22561017663878333,0.21834925979751554,0.2110794105864895,0.20388186952072693,0.1968338734821135,0.1900065070686266,0.18346338828728584,0.1772598873543955,0.17144276389170476,0.1660502684056651,0.16111270092440474,0.15665318900025363,0.15268823167232698,0.14922753571315714,0.14627288764771745,0.1438161572457246,0.1418368540694449,0.14029983974925153,0.13915382067684526,0.13833119113729667,0.13774976000798966,0.137316853977788,0.13693605438432388,0.13651618778554223,0.13598125267769087,0.13527923396223102,0.134387754005154,0.13331527930396958,0.1320977526248684,0.1307916247644032,0.12946501069471286,0.1281888621901602,0.12702960088521928,0.12604386923061997,0.125275347966245,0.12475322486902948,0.12449187985414148,0.12449149750295152,0.12473944195287104,0.1252122517512285
0.372,0.28389193659894024,0.279751224115464,0.27524011132474163,0.2703445580723976,0.26505784982715186,0.25938295292898655,0.2533347501985794,0.24694177294046118,0.2402469685421568,0.23330708433351555,0.22619048159764055,0.21897360997175172,0.21173680936289183,0.20456029687547617,0.19752098181036548,0.19069027522357573,0.18413267467683422,0.17790484567979592,0.17205510743015498,0.16662339057349826,0.16164167912887903,0.15713471104495966,0.15312048491301353,0.1496100884103295,0.14660657472736746,0.14410296701046443,0.14207980434522977,0.140502832353274,0.13932146775435414,0.13846860964990318,0.13786232826461167,0.13740992097696236,0.1370145996101483,0.13658445208451184,0.13604238960804263,0.1353350436438103,0.134438545174061,0.1333598666288292,0.13213355128865928,0.13081476879162676,0.12947041187018077,0.1281701536839381,0.12697896816033133,0.1259518380792999,0.1251306485395266,0.12454286126621525,0.12420150054349428,0.12410609217864038,0.12424430939765697,0.12459411876116547
0.3916,0.2839242913114024,0.27983396277556905,0.27537803632757935,0.27054251413175023,0.2653203919792483,0.2597138830045884,0.2537365507510198,0.24741501171610433,0.24078978252751612,0.23391486051647317,0.22685582155994036,0.2196866052291633,0.21248558711663632,0.20533174617505923,0.19830155055646667,0.19146673597327196,0.18489278067157666,0.17863782770710682,0.1727519914819781,0.1672771432670216,0.16224721021302735,0.15768877646720952,0.15362153630020087,0.15005810513049042,0.14700289775923564,0.14445013739683335,0.14238139921024281,0.1407632897005543,0.13954589399349515,0.13866256521555237,0.1380315834622827,0.137560170266025,0.1371511285246256,0.13671177359128706,0.13616389624554798,0.1354527361347074,0.1345528836068419,0.1334697529625909,0.13223640802033493,0.1309066441364688,0.12954603286365418,0.12822287607824068,0.12700062974552,0.12593258667889637,0.12505885955035811,0.12440526312657199,0.12398358641570177,0.1237928258261443,0.1238210584537985,0.12404769554355043
0.4112,0.2840064199905867,0.27996820362945973,0.275569474379371,0.2707963515921101,0.26564161607871556,0.26010678908740026,0.2542041431993579,0.24795835117257373,0.24140738972279818,0.2346023047922821,0.22760560197364213,0.22048837586404915,0.2133267047485567,0.2061980540132735,0.19917827610811997,0.192339378796847,0.1857478884471805,0.17946359383437152,0.17353864424352125,0.16801712993246604,0.1629352062967938,0.1583215677072355,0.1541978257956719,0.15057829012776372,0.14746884416673103,0.14486496268290056,0.1427492622831798,0.14108918179353605,0.13983542480862426,0.13892173834394958,0.13826655095699864,0.1377769516248257,0.13735528458421373,0.13690804813344187,0.13635586851553985,0.13564254369963194,0.13474106237881198,0.1336552055133703,0.13241646889182718,0.1310771776554973,0.12970149059924646,0.12835626792784272,0.12710341809015294,0.12599457301923844,0.1250681697515196,0.12434853377095582,0.12384641096795454,0.12356045191770013,0.1234792624494495,0.12358372050872266
0.4309,0.2841342879746936,0.28014962942519583,0.27580980352964696,0.27110113073860087,0.26601626920573884,0.2605561378188177,0.25473178551653275,0.2485659593643948,0.242094035481068,0.23536394756584142,0.2284348686617219,0.2213747109033319,0.21425689274108312,0.2071570387148837,0.2001501463886607,0.1933083771176678,0.1866993161233931,0.18038452546543365,0.17441840707499898,0.1688475439180679,0.16371061314546442,0.15903869930753253,0.15485557122550186,0.15117741528948936,0.14801170269309688,0.14535521828724035,0.14319162794844573,0.1414891731820641,0.14019912246229085,0.13925555104186263,0.1385769675009891,0.1380702631351084,0.13763726404145513,0.13718359599679536,0.13662866458249534,0.1359147636466616,0.13501320709065917,0.1339260575551872,0.1326831497731587,0.13133524760996657,0.12994502426084603,0.12857786423854475,0.12729415408769468,0.12614396479515874,0.12516423319083822,0.12437802838063039,0.1237953058490542,0.12341459216098292,0.12322516112238002,0.12320937422482875
0.4505,0.284300757660929,0.2803708378836508,0.2760913176981634,0.2714488031559775,0.2664359307735678,0.26105312670961384,0.25531031745106203,0.24922839011288597,0.24284011752379955,0.23619022095407563,0.22933433123039612,0.22233687382795136,0.21526825058120283,0.20820189368515188,0.2012116566697695,0.19436966970418898,0.18774451651783888,0.18139959476674358,0.17539172459518307,0.16977021923118865,0.16457655014745196,0.1598444630752148,0.15560012278359028,0.1518617782559055,0.14863861206795245,0.1459287822309872,0.14371701558998953,0.14197232960086278,0.14064650576103224,0.13967388209266815,0.13897297694863542,0.13845041466873254,0.1380074371839322,0.1375487336329459,0.13699242276747256,0.13627922167596268,0.13537868795497607,0.13429107725297498,0.13304447492560154,0.13168800975546796,0.1302828299145144,0.12889286132706543,0.12757706091913243,0.12638411422119497,0.12534970742604878,0.12449594771239392,0.12383229345592037,0.12335738604540748,0.12306130378057394,0.1229278944496847
0.4701,0.2844968372577558,0.2806226004417349,0.27640449319749016,0.2718294822205303,0.2668902805855516,0.2615869395037872,0.25592838768727694,0.24993375994264222,0.24363328347908847,0.23706844120207796,0.23029119055176908,0.22336223574617653,0.2163486527139996,0.2093213458857613,0.202352717597895,0.1955146342577282,0.18887654954058816,0.18250368164768047,0.17645535811356627,0.1707837916332172,0.1655334638569352,0.16074100846807815,0.15643519243823992,0.15263649097530987,0.14935590848732078,0.146593033556961,0.1443336660595782,0.14254757733762355,0.14118701706852949,0.14018652793407255,0.1394645737555229,0.1389274459825543,0.13847573666941224,0.13801313190540831,0.1374563937407301,0.1367445867353475,0.13584543089666956,0.13475729328546385,0.13350643928868247,0.13214032050785127,0.1307185679803662,0.1293037275895148,0.12795348901551695,0.12671539745391505,0.125624196653999,0.12470136532499783,0.12395617393615328,0.12338761332543705,0.12298668668726458,0.12273871304566626
0.4897,0.28471316466563246,0.2808953145210522,0.27673941061686924,0.2722328384210797,0.26736847390856544,0.2621461090517695,0.25657381258820944,0.2506691079788373,0.2444597907648491,0.23798415723430363,0.23129045213999858,0.22443551754128965,0.2174828748813654,0.21050061981004356,0.20355941609860836,0.19673061737130226,0.19008437050487664,0.18368762767379113,0.17760222774550324,0.17188336194055465,0.1665786499476386,0.16172775967090244,0.15736219751744526,0.15350477385620276,0.15016838660415766,0.14735408956887647,0.14504875946629814,0.14322290282008057,0.14182920385388711,0.14080236691962777,0.1400607525954779,0.13951026717421053,0.13905079779925122,0.13858496905907208,0.13802812311667065,0.13731760404630716,0.1364192250401923,0.13532940272223917,0.13407254241049887,0.13269441933046694,0.1312532097292196,0.12981021976338683,0.1284220957800022,0.1271355397804565,0.12598469556982148,0.12499075943994416,0.12416311602330742,0.12350132075565676,0.12299740036352844,0.12263811526833479
0.5094,0.2849410394255515,0.28117997417258817,0.2770866723141548,0.2726489780517713,0.2678600023680779,0.2627193876341407,0.2572344876560465,0.25142138133209985,0.24530559474797914,0.23892236052747748,0.23231626111698764,0.22554023398481302,0.21865411153702893,0.21172297559435735,0.20481551118097088,0.1980023227978848,0.19135405151860552,0.18493924349230537,0.17882217464788325,0.1730609984508118,0.1677064962421288,0.1628014116830152,0.1583800308344887,0.15446752607765887,0.15107869857004477,0.14821606257213876,0.14586755783976504,0.1440044082357955,0.14257971322870677,0.14152831814477584,0.14076845691751022,0.14020562313870646,0.13973896626894933,0.1392700105866659,0.13871263345590687,0.1380024096597429,0.13710319914510713,0.13600943534439583,0.1347436604904318,0.1333500190944141,0.13188534472684324,0.1304098932199928,0.12897953257052736,0.12764044484903964,0.12642652371599145,0.12535901865024573,0.12444770834857,0.12369290304441548,0.12308773272685453,0.12262036271100615
0.529,0.2851726083745855,0.28146831144816437,0.2774375144742901,0.2730685473049864,0.26835481814071216,0.26329592576005856,0.25789866071470624,0.2521778454121978,0.2461569383449408,0.23986829083055627,0.23335295002044645,0.22665999309856916,0.2198455150539121,0.21297145273779772,0.2061043240212399,0.19931377133142333,0.1926707235399006,0.18624514333213055,0.18010360504238984,0.17430712189917288,0.16890955960199924,0.16395667234813424,0.15948546324817756,0.15552340395090258,0.15208713940801216,0.14918059467410727,0.14679273831715287,0.1448954946918374,0.14344237648554697,0.1423683769289573,0.14159161236214976,0.1410171691802298,0.14054345755021047,0.140070891168899,0.13951186425330347,0.13880015959107112,0.13789766488188518,0.13679682775693783,0.1355183574461946,0.13410484792064545,0.13261193462471133,0.131099037966031,0.1296215263135358,0.1282253842014471,0.12694459015996262,0.12580075828774445,0.12480431474233329,0.1239564932160377,0.1232515956168712,0.1226791578014631
0.5486,0.28540039626301994,0.2817523434936434,0.27778338539677,0.2734823593795151,0.26884303051790653,0.2638650619428911,0.25855484191290595,0.2529261445005679,0.2470005965238252,0.24080789971805788,0.23438575539104387,0.22777949364373398,0.22104148914054747,0.21423045446659633,0.2074105827476023,0.20065034806107754,0.1940207437174215,0.18759293331079815,0.18143559459887915,0.1756124273078206,0.1701802237790124,0.16518759974575867,0.16067413293177862,0.15666946279590485,0.15319196672046329,0.15024689894023066,0.14782421092900064,0.14589651707593979,0.1444177617614175,0.14332312289367416,0.14253064279575686,0.14194504156813542,0.1414640222334904,0.14098690859715668,0.1404246214306165,0.1397091544149408,0.1388004276592997,0.13768892219666667,0.13639356352066145,0.13495548997063078,0.13342929116022634,0.13187376532025524,0.1303440477488908,0.1288862262860559,0.12753467194321313,0.126311646710374,0.12522845387022907,0.12428740394520875,0.12348403488802785,0.12280922576821209
0.5682,0.2856168318553382,0.2820239660215889,0.27811561201520113,0.2738811387475809,0.2693147318676607,0.26441623423802824,0.25919180590635466,0.25365440259632416,0.24782408872426462,0.24172819381743826,0.23540131736237524,0.22888521063822834,0.22222858883839433,0.21548688248844045,0.20872179595470572,0.20200039592161204,0.1953934649304376,0.18897309026253867,0.18280979494864052,0.17696973277979358,0.17151241305957896,0.1664891210242707,0.16194183345788993,0.157902203541775,0.15439021777393758,0.15141237644965164,0.14895957627865486,0.1470051279962296,0.14550344972524482,0.14438996904127843,0.1435827283095008,0.1429861527627821,0.14249729926267296,0.14201444843569244,0.1414470798577522,0.14072541956720763,0.13980743873896273,0.13868167955445468,0.1373653349341623,0.13589817647570898,0.13433388551956094,0.13273082822847865,0.13114414369262956,0.12962029085930044,0.1281943082630717,0.1268893604410525,0.125717835388227,0.12468326001638909,0.12378246811219944,0.1230076606276009
0.5879,0.2858143455830568,0.28227511113123144,0.2784256138933143,0.27425578542386064,0.26976030469185913,0.2649393215836327,0.25979895874974945,0.2543516079243758,0.2486160751038438,0.2426176404617055,0.23638809755328266,0.22996583490315897,0.22339599824223252,0.2167306752606149,0.2100288761553936,0.20335594567534637,0.19678208436910463,0.19037992738703413,0.18422150029103923,0.17837511912667398,0.17290277065873413,0.16785821544532248,0.16328567310660108,0.1592186891560554,0.15567877420279652,0.1526736296186089,0.1501950944702982,0.14821721274612026,0.14669494532548386,0.1455640587513161,0.14474269184500244,0.14413506700274809,0.14363767458138246,0.14314781506771765,0.1425735724265791,0.1418434359171336,0.14091345066849706,0.13977024543963495,0.1384293216132409,0.13692915427825006,0.13532262716988977,0.13366783093198847,0.13202010767914243,0.13042651653314896,0.12892300139169513,0.12753385040533396,0.12627271575523052,0.12514445975553878,0.12414726111380521,0.1232746223185091
0.6075,0.2859860746865265,0.28249846621442887,0.27870563091431544,0.2745981059927684,0.27017114980213847,0.26542536149986184,0.26036703493445756,0.2550082752109412,0.24936696496352861,0.24346669823601116,0.23733680485938655,0.2310125690450073,0.22453568021492668,0.21795481070234013,0.2113260153849803,0.20471250537988972,0.19818340418683186,0.19181139106068573,0.1856695428299183,0.17982797491260336,0.17435088693184894,0.16929433970057176,0.16470469283401715,0.16061733612362716,0.1570552980842699,0.15402750908198423,0.15152680807265795,0.1495280551913192,0.1479868560534128,0.14683942841346376,0.1460041200400918,0.1453850542418486,0.14487824353148707,0.14438007841517742,0.1437972981365154,0.14305668888986284,0.1421123918472371,0.14094914184750748,0.1395807773059882,0.13804452706552214,0.13639256024864038,0.13468281380943228,0.13297099167435203,0.1313049377421025,0.12972169271902537,0.12824684392043423,0.12689544632658695,0.12567378480212368,0.12458141300699087,0.12361311048075484
0.6271,0.28612675838606516,0.2826883596107336,0.2789496000714232,0.2749016820115606,0.27054054533150285,0.26586739529394954,0.26088891853706586,0.2556172241300664,0.2500696234103424,0.2442684117997091,0.23824082954650536,0.2320193488818709,0.22564233960121116,0.21915498363058938,0.21261007799439682,0.20606820474237067,0.19959679822234186,0.19326794762745295,0.18715521099311672,0.1813300554152082,0.17585859151156535,0.17079901762152705,0.16619978416164566,0.1620981574222357,0.15851876829563957,0.15547189140059092,0.1529514981089261,0.1509334063007662,0.1493740107981769,0.1482101215528242,0.14736042609831349,0.14672906353496296,0.14621166378764305,0.14570378156329225,0.145110864891377,0.1443580321249053,0.14339754242313027,0.1422122531634576,0.14081436066963432,0.13923988345713378,0.13754033614396374,0.13577359103735595,0.13399582961727435,0.13225581304536377,0.1305918123178067,0.12903083094932033,0.12758941280259217,0.12627531204529927,0.1250894631064239,0.12402789113075834
0.6467,0.2862334318090056,0.2828414677463584,0.2791538778191887,0.27516260702571754,0.2708643937768675,0.2662612148202532,0.2613603722985408,0.25617426514997554,0.25071997973514293,0.24501890021055195,0.2390965624202709,0.2329829420215446,0.22671325451369526,0.22032913725818457,0.2138798240180835,0.20742273372168887,0.20102292337814806,0.19475115530975834,0.18868078993367138,0.18288410624382606,0.17742876612098632,0.17237492667694582,0.16777310317866143,0.16366252345394375,0.16006957512728706,0.15700606758493973,0.15446730896692779,0.15243027952120589,0.15085235957805818,0.14967113261783752,0.148805786579931,0.14816061217453358,0.14763096605463288,0.14711165062846268,0.14650688273287832,0.14574015313633368,0.14476186485644052,0.14355301631575723,0.14212418082055958,0.14051019385752503,0.1387619568470699,0.1369373347648601,0.13509305681731748,0.1332788764369897,0.13153436406734578,0.12988799262053066,0.12835782527340672,0.12695309069530733,0.1256760852222806,0.12452403998965555
0.6664,0.2863058282256719,0.2829572575200943,0.2793177167483868,0.2753799865442609,0.2711417287681669,0.26660585438766576,0.2617804890179639,0.25667858241843383,0.2513173131005966,0.24571751722877688,0.23990340278609068,0.23390277856842526,0.2277479087741832,0.22147688373939511,0.21513511636545785,0.20877635171250422,0.20246256543791616,0.19626239947240764,0.19024825234979617,0.1844925816911509,0.17906416017057944,0.17402487111318563,0.16942724693769146,0.1653125699708606,0.1617091699578719,0.158630628018999,0.15607384824337847,0.15401723532307363,0.15241940702935505,0.15121895222188697,0.15033576308595376,0.14967445256171524,0.14913023987353421,0.1485972780916112,0.1479786271197326,0.14719620120305893,0.14619858149611067,0.14496493174811342,0.14350422271547952,0.1418501281202196,0.14005296052789165,0.13817060441592938,0.1362603626519033,0.13437300090040022,0.1325493981720275,0.13081949211265761,0.1292028463880554,0.12771013277383778,0.1263449679414547,0.12510573959538138
0.686,0.28634654468754545,0.2830381767555579,0.2794434650186083,0.27555612583378986,0.2713748671584802,0.2669036819897541,0.2621516987371252,0.2571326387887897,0.2518640446373037,0.2463665276959679,0.24066332296085388,0.23478041128247934,0.22874735545210576,0.22259877669875858,0.21637610577906927,0.21012898836531077,0.20391566211752846,0.19780184907045853,0.1918581641252059,0.1861565183557801,0.18076625247305672,0.1757506525695795,0.17116415489716014,0.16705015393041636,0.16343910039694282,0.1603466013566831,0.1577714508412902,0.1556937863103004,0.1540737669676576,0.15285127182567274,0.15194715083472113,0.1512665532333315,0.15070473230980133,0.15015532253117342,0.1495203220902432,0.14872013540696277,0.14770156747387775,0.14644197897383882,0.14494876064910636,0.1432544403227386,0.14140875076713266,0.13946959624383623,0.13749484210822188,0.13553624167144224,0.1336359444502953,0.13182530340703288,0.1301253254719874,0.12854806420708914,0.12709839409787493,0.1257757975515172
0.7056,0.2863609258019864,0.2830895092017551,0.2795363747887063,0.2756962726661111,0.27156906800231645,0.26715996039619394,0.2624792248409058,0.2575415292715257,0.2523650010450979,0.24697030337362674,0.241380023917403,0.2356186578334075,0.2297133643644349,0.22369546826513395,0.2176023850180466,0.2114793687429589,0.20538036627570966,0.19936742647283107,0.19350853710402738,0.18787425799319452,0.1825338424735109,0.1775515385355778,0.17298347340927345,0.1688751421942156,0.16525925946085773,0.16215370594089953,0.1595594760930676,0.157458780907528,0.15581366709885436,0.15456563502462015,0.1536367922927683,0.15293308141318834,0.1523499983903057,0.15178082025710604,0.15112660257307672,0.15030632465669702,0.14926507394111446,0.14797844758766399,0.14645228124045678,0.14471796835961998,0.14282465885749746,0.14083025690300463,0.13879315210926182,0.13676602927616982,0.1347922372242268,0.13290446278161036,0.13112506989991268,0.12946740774325513,0.12793752606476663,0.1265359254055759
0.7252,0.2863565251341469,0.28311875972230327,0.2796039020294388,0.27580782532662335,0.27173164714312165,0.26738187354050963,0.2627700358392216,0.25791188073304555,0.2528262927448053,0.24753421522402713,0.24205787727960965,0.23642062044271533,0.23064753080433145,0.2247668942018827,0.21881221058875683,0.21282420908422653,0.20685214205732877,0.2009537348514323,0.19519353732364736,0.18963991329119126,0.1843612783799969,0.17942228092917176,0.17488040845807815,0.17078315004810965,0.16716556324686546,0.16404801753673257,0.16143401139993008,0.159308182211081,0.1576348350681804,0.15635745520127517,0.15539974345943952,0.1546687282392248,0.15406038991305104,0.15346783798451544,0.15279132826454872,0.15194851854440786,0.15088285134466725,0.14956820905798482,0.1480089011679634,0.14623519660319625,0.14429565156195978,0.14224813660686453,0.14015150885547545,0.13805930649398285,0.13601598263051398,0.13405545217722545,0.13220132615864488,0.13046814118387803,0.12886302064898997,0.12738739158300857
0.7449,0.28634211863933795,0.28313459120618106,0.27965457073346156,0.27589913262157767,0.2718707271058438,0.26757724637052943,0.26303156088749025,0.2582505932576369,0.25325411370314527,0.2480635238907705,0.24270093423819808,0.23718883119031503,0.23155055867143473,0.22581167312265527,0.22000196931073446,0.21415767725407447,0.20832313117023551,0.2025512441236471,0.19690242431782554,0.1914420274352804,0.18623684162328705,0.1813512630378688,0.1768436944842601,0.17276340004545282,0.16914776546904634,0.16601979555731777,0.16338575347136,0.16123303512440368,0.15952857196180326,0.15821820801959227,0.1572275924595642,0.1564651568122371,0.15582763381367642,0.15520818079721177,0.15450641965659814,0.15363880984550046,0.15254723748882654,0.15120393074472546,0.14961170912873353,0.14779972910800174,0.14581593921392716,0.14371813454144747,0.14156556993225697,0.13941254206945802,0.13730449387408505,0.1352764416130353,0.1333531123110734,0.13155010200762415,0.1298754889616629,0.12833152175500404
0.7645,0.2863265142662402,0.28314561235430713,0.2796967508081235,0.27597827719100265,0.27199404411583616,0.2677533958167602,0.26327060541861513,0.2585638400494248,0.2536538429401882,0.24856259742638678,0.2433122713774412,0.2379247345629939,0.23242188290668034,0.2268268621126593,0.22116604497330108,0.2154713288213181,0.20978209825751565,0.20414617479327554,0.1986193052029736,0.1932631471226605,0.18814211440858594,0.1833196666672784,0.1788545908621263,0.17479759299691675,0.17118825354393452,0.16805225207211263,0.165398790290414,0.16321829152055584,0.16148064134104867,0.16013439692108103,0.159107507925949,0.15831013555267906,0.15764004973825185,0.15699069143625763,0.1562612355871098,0.15536708650094852,0.15424868018673685,0.15287666583500847,0.15125242016603496,0.14940400576415194,0.1473787509916403,0.14523432976854914,0.14303031598560145,0.14082165672522803,0.1386546538712682,0.1365652802331954,0.13457922961712035,0.13271301289748139,0.13097553075634435,0.1293697385053991
0.7841,0.2863175906393787,0.2831594743145037,0.279737822362053,0.2760523169114324,0.27210827464924137,0.2679165477007708,0.263492859690431,0.25885666482190056,0.2540297253084971,0.2490346704858838,0.2438938279731157,0.23862861097585664,0.23325969716563344,0.22780811355860145,0.22229712904694499,0.21675458572170983,0.21121507127592506,0.2057212689679885,0.20032398358805537,0.19508068488637909,0.1900527920171604,0.1853021830582187,0.18088745854529512,0.17686033725561828,0.1732623347293515,0.1701217117687073,0.16745065949469803,0.16524279452843843,0.16347120601665374,0.1620874654695475,0.16102214511077434,0.16018745103267726,0.15948247766996518,0.158801196646417,0.1580425388884204,0.157121014509447,0.15597573323471708,0.1545758565320449,0.152921378820084,0.15103929709360317,0.1489763123747336,0.146789932216102,0.1445399666576045,0.1422818967673672,0.1400627412920253,0.1379192720871362,0.1358779879952009,0.13395615916425296,0.13216336782107363,0.13050315568243212
0.8037,0.2863218962872614,0.283182584208429,0.2797840033130085,0.27612722259542194,0.2722190744487378,0.2680719629785864,0.26370309338115516,0.2591332231764673,0.25438513923053646,0.24948212435778439,0.24444669627765966,0.2392998920703652,0.23406132793967774,0.2287501590068114,0.22338687498790583,0.2179956192061991,0.21260649412603952,0.2072572241047504,0.20199365050116108,0.1968688108871519,0.1919406970932011,0.18726906304627766,0.18291176433421316,0.17892103983528793,0.1753399665803691,0.17219915514036632,0.16951369662069415,0.16728043908621323,0.16547581815389992,0.16405463934916656,0.1629503631115044,0.16207752184691349,0.1613368062761503,0.16062296359080155,0.15983489022208588,0.15888637461091729,0.1577153378552522,0.15628955906477088,0.15460772385809043,0.152695802768179,0.15059987018691479,0.14837722660103117,0.14608783641858544,0.14378759651183828,0.14152409662185064,0.1393347454848206,0.13724668073387325,0.13527777270365918,0.13343814214145877,0.13173179606902113
0.8234,0.2863447701479753,0.2832203427603438,0.27984069548543966,0.2762083189019558,0.2723315954038791,0.26822450732009184,0.26390575216755907,0.2593973812920078,0.25472317755020313,0.24990703937713402,0.24497164833930207,0.23993768147913488,0.23482378723012076,0.2296474492702363,0.22442669410231877,0.219182373218441,0.21394053969556842,0.20873433461025312,0.20360486015903997,0.19860073227206806,0.19377630082494227,0.18918879786592263,0.18489483142631993,0.18094664052767226,0.17738840028340971,0.17425271302701234,0.17155734056265068,0.16930226475933197,0.16746729003134367,0.16601057632819494,0.1648686623387297,0.16395863564080554,0.163183022757984,0.1624375752688436,0.16162136030785537,0.1606476205949016,0.15945323421921867,0.1580047134360329,0.15629951926595692,0.15436264511249986,0.1522395485010513,0.14998728973110734,0.14766591188006917,0.1453316142858947,0.14303241586026802,0.14080620378058026,0.13868059199246247,0.13667389586739812,0.13479663562900768,0.13305316621590632
0.843,0.2863905573739816,0.2832774377971154,0.279912848947854,0.2763007089223132,0.27245095640371686,0.26837915205811885,0.26410547240215076,0.2596532301786788,0.25504715180650733,0.25031168632844913,0.24546962014892074,0.24054124767454638,0.23554430217580768,0.23049476201989802,0.2254084942399175,0.22030349458797144,0.21520229051391607,0.21013396916647942,0.20513532672494977,0.20025080239376683,0.19553110831336423,0.19103072151623546,0.18680458652293,0.18290442801909823,0.17937499390639317,0.17625041343943365,0.17355076081312526,0.17127892112715054,0.16941796567447856,0.1679294214521787,0.16675300824225853,0.16580853231731185,0.16500055089234508,0.1642260218822779,0.16338437530782596,0.16238848094386998,0.16117432263373202,0.1597072680454313,0.15798364638564136,0.15602753263085664,0.15388378686342266,0.15160920583694731,0.14926384544658686,0.14690410415047125,0.14457829840914585,0.14232464579372434,0.1401710844941787,0.13813622985530438,0.13623087183719496,0.13445960395838366
0.8626,0.28646234884720023,0.28335761342152077,0.28000476842366023,0.27640912401392315,0.27258214107274875,0.2685409227222839,0.26430708218450644,0.2599051403694832,0.25536070142756306,0.25069869139558243,0.2459419350205202,0.2411103116905849,0.23622067874976316,0.23128766133040907,0.2263252646749447,0.22134908111599838,0.21637869138677623,0.21143976440205398,0.20656538107902106,0.20179624099395968,0.19717961861785674,0.192767166976855,0.18861185596441454,0.18476441536245308,0.18126960859829724,0.17816254529822168,0.17546514204089644,0.1731828327122693,0.17130173112949573,0.16978663241593972,0.16858044574278852,0.1676057853405985,0.1667693807145778,0.16596956410613425,0.1651063026489486,0.16409225984907902,0.16286267573165808,0.16138190174151174,0.15964523639234188,0.15767590443062818,0.15551819825552518,0.15322863893929767,0.15086724157262202,0.14849051367721172,0.1461469519168308,0.1438749712386856,0.14170269738473443,0.13964891578138033,0.13772457074338643,0.13593439801377563
0.8822,0.28656089302847626,0.2834625638094592,0.2801190183016206,0.2765368709806361,0.2727290176280593,0.26871401940649514,0.2645148454047213,0.26015714669449885,0.2556673295858791,0.2510707271883939,0.2463901490918569,0.24164504389820018,0.23685144687825258,0.23202279131715864,0.22717152380394465,0.22231129493666485,0.21745934411288825,0.21263861568932257,0.20787916437886955,0.2032185226609939,0.19870088267588296,0.19437515256342902,0.19029212996827036,0.18650112945519054,0.1830463745594693,0.17996335909258263,0.1772752848636092,0.17498967120094225,0.1730953336928581,0.17156012434890658,0.17033005058704423,0.1693305432936289,0.1684705871193156,0.1676500194849687,0.16676950033771748,0.16574164887662324,0.16450111557963132,0.16301137203798333,0.16126679663229024,0.15928984192044304,0.1571242727433426,0.15482633380821445,0.1524559588518243,0.15006968938484386,0.1477161018078546,0.14543369389917912,0.14325066177372867,0.1411858508856622,0.13925026392316647,0.13744870077011823
0.9019,0.2866829707881471,0.28359020669416307,0.2802546387806155,0.2766840428020611,0.27289260035198687,0.2689001846638636,0.2647309864176748,0.260411670810871,0.2559693530325097,0.2514297071393897,0.24681549623149826,0.24214575585590598,0.2374357885068589,0.2326980253056519,0.22794367292802464,0.22318490568512306,0.2184372273325988,0.21372156239188775,0.20906566525690007,0.20450454555754657,0.20007977258235732,0.1958377101156253,0.19182690139635694,0.18809491186125032,0.184684911469777,0.18163217438064921,0.17896057858544695,0.17667918087378018,0.17477905463879667,0.17323078989732985,0.17198330153914115,0.1709647636491386,0.17008643967354795,0.16924976771445896,0.1683562414293638,0.16731859734140933,0.16607105808555817,0.16457636164021555,0.16282808626764395,0.16084799891082205,0.15867938551151103,0.15637822361272072,0.15400433739088604,0.15161424265269768,0.14925651348760174,0.1469696368983162,0.14478178476608053,0.14271177566972315,0.1407705973937153,0.138963057289827
0.9215,0.2868203929106747,0.2837334473053678,0.28040570592764485,0.27684592188883245,0.2730693586006524,0.26909699162212053,0.2649540347014862,0.2606679964840703,0.2562665719542045,0.25177569866299926,0.24721807502265328,0.2426123726458943,0.2379732891172364,0.2333124758557481,0.22864023434843525,0.22396772203650542,0.21930928792236454,0.21468450994352523,0.21011954806127453,0.20564754290149487,0.20130795029145404,0.1971448783460999,0.19320464490696246,0.18953284317916003,0.18617116272463227,0.1831541003788627,0.18050560046195918,0.17823566548584138,0.17633710757245152,0.17478284489630516,0.17352441800644883,0.17249259267853256,0.1716008778293672,0.17075237397408616,0.1698495355981185,0.16880537792576217,0.1675538637641493,0.16605715141578575,0.1643081457033828,0.16232802016086018,0.1601596364631176,0.15785872220651784,0.15548497518927748,0.15309484117668146,0.15073682898875435,0.14844934312378186,0.14626045990487235,0.14418890734392772,0.1422456069243918,0.14043533647082918
0.9411,0.28696099787803536,0.2838808737653752,0.28056170246100653,0.2770130237217102,0.27325095516148223,0.2692973244955486,0.26517811718975187,0.2609214579451599,0.25655544248163836,0.25210616056341484,0.24759621481933503,0.24304396815831125,0.23846365775256007,0.23386639224130856,0.22926190191656284,0.2246607618726434,0.22007669707536187,0.21552854545061254,0.21104151293680165,0.20664748286039228,0.2023843075174891,0.19829418047122704,0.1944213223479887,0.1908092584333706,0.1874979007432904,0.18452051767273625,0.18190057564473383,0.17964844920312228,0.1777581448558516,0.17620444266775534,0.17494115522653292,0.17390141638287845,0.1730008859516586,0.17214434383470206,0.17123530455754418,0.17018720917352895,0.1689339235594304,0.16743718028358937,0.16568934001246338,0.16371107936453572,0.1615448966263411,0.15924629570825996,0.15687484381761171,0.15448688870243454,0.15213083046375858,0.14984494069585788,0.1476571502845069,0.14558605289623697,0.1436424694620943,0.14183112501276063
0.9607,0.2870917196186265,0.28401966851474414,0.2807102009235524,0.27717348265324654,0.2734262786727136,0.26949102461121743,0.26539421444714556,0.26116433313779935,0.2568296586816158,0.2524162795278533,0.24794663387752136,0.24343880202206905,0.23890668248664085,0.2343610544520431,0.22981137661189985,0.2252680225037335,0.2207445477074977,0.21625956377552585,0.2118378676708286,0.20751062017511038,0.20331454322613488,0.19929027619053905,0.19548014981753029,0.19192565457250607,0.18866478416752397,0.18572928396346347,0.1831417294839214,0.18091238199531773,0.17903593659774844,0.177488560736532,0.17622594077859674,0.1751832881771758,0.1742782445148785,0.17341721598539578,0.17250481906210977,0.17145502708136184,0.1702017477807351,0.1687064316464137,0.16696102417845346,0.16498580783022943,0.1628229889074453,0.16052788759886885,0.15815995273426167,0.15577542475024792,0.15342257161363906,0.15113950162316125,0.1489539687438006,0.1468844038955172,0.14494150465202044,0.1431299272130314
0.9804,0.28720194964580437,0.28413909544278193,0.2808404147590855,0.27731658461085307,0.2735848602939398,0.2696680883984314,0.2655930451658413,0.26138833978550546,0.25708221300198697,0.2527005771323305,0.2482656000107037,0.2437950574783813,0.23930257634753332,0.23479875823549354,0.23029301906604957,0.22579582791845038,0.22132092770380812,0.21688710875082343,0.2125191951557204,0.20824806644978736,0.2041097282361573,0.20014361801504318,0.19639043635067632,0.19288978246170538,0.18967774529722484,0.18678442761074923,0.1842312704239731,0.18202807639182866,0.18016981704332322,0.17863361223247487,0.17737661106334168,0.17633575704810825,0.1754304227544717,0.17456849715499298,0.1736556574299985,0.17260645082946355,0.1713549238332756,0.16986236828359438,0.16812044023124384,0.16614913872770087,0.16399046410573642,0.16169961088827717,0.15933594152809621,0.1569556001823225,0.15460671907905038,0.15232723097461248,0.150144696756838,0.14807736778406688,0.14613580281898783,0.144324576324217
1.0,0.28728525587015047,0.2842324841315489,0.2809454465446266,0.2774352524427441,0.2737195391388388,0.26982142565834055,0.26576780578189907,0.26158723225454383,0.2573077284582714,0.25295487175720455,0.24855044294331444,0.24411185520291467,0.2396524725583559,0.23518279603660366,0.23071233967007018,0.226251866918587,0.22181555857667476,0.21742267845535268,0.21309840564102403,0.20887368392511982,0.204784146773044,0.2008683523462848,0.19716565147647958,0.19371397010700658,0.1905476276187468,0.18769511837057037,0.18517667026281845,0.1830014354488469,0.18116437117435927,0.1796431895652765,0.1783961134361391,0.17736144533581713,0.1764599729976787,0.17560083952348643,0.174690654735987,0.17364450773150752,0.17239662836488084,0.17090824399084512,0.16917083721293588,0.16720423873841145,0.1650503418148878,0.1627642906791344,0.16040541243639508,0.15802978498268985,0.15568541892976004,0.15341007475426371,0.15123111664141783,0.14916660861237677,0.14722696051598771,0.14541665397238696
